album,song_title,lyrics
folklore,​exile  (Ft. Bon Iver),"[Verse 1: Justin Vernon] I can see you standing, honey With his arms around your body Laughin', but the joke's not funny at all And it took you five whole minutes To pack us up and leave me with it Holdin' all this love out here in the hall [Chorus: Justin Vernon] I think I've seen this film before And I didn't like the ending You're not my homeland anymore So what am I defending now? You were my town, now I'm in exile, seein' you out I think I've seen this film before [Post-Chorus: Justin Vernon] Ooh, ooh, ooh [Verse 2: Taylor Swift] I can see you starin', honey Like he's just your understudy Like you'd get your knuckles bloody for me Second, third, and hundredth chances Balancin' on breaking branches Those eyes add insult to injury [Chorus: Taylor Swift] I think I've seen this film before And I didn't like the ending I'm not your problem anymore So who am I offending now? You were my crown, now I'm in exile, seein' you out I think I've seen this film before So I'm leaving out the side door [Bridge: Justin Vernon, Taylor Swift & Both] So step right out, there is no amount Of crying I can do for you All this time We always walked a very thin line You didn't even hear me out (You didn't even hear me out) You never gave a warning sign (I gave so many signs) All this time I never learned to read your mind (Never learned to read my mind) I couldn't turn things around (You never turned things around) 'Cause you never gave a warning sign (I gave so many signs) So many signs, so many signs You didn't even see the signs [Chorus: Taylor Swift & Justin Vernon, Taylor Swift] I think I've seen this film before And I didn't like the ending You're not my homeland anymore So what am I defending now? You were my town, now I'm in exile, seein' you out I think I've seen this film before So I'm leavin' out the side door [Outro: Justin Vernon & Taylor Swift] So step right out, there is no amount Of crying I can do for you All this time We always walked a very thin line You didn't even hear me out (Didn't even hear me out) You never gave a warning sign (I gave so many signs) All this time I never learned to read your mind (Never learned to read my mind) I couldn't turn things around (You never turned things around) 'Cause you never gave a warning sign (I gave so many signs) You never gave a warning sign (All this time) (So many times) I never learned to read your mind (So many signs) I couldn't turn things around (I couldn't turn things around) 'Cause you never gave a warning sign (You never gave a warning sign) You never gave a warning sign Ah, ah "
folklore,​cardigan,"[Verse 1] Vintage tee, brand new phone High heels on cobblestones When you are young, they assume you know nothing Sequin smile, black lipstick Sensual politics When you are young, they assume you know nothing [Chorus] But I knew you Dancin' in your Levi's Drunk under a streetlight, I I knew you Hand under my sweatshirt Baby, kiss it better, I [Refrain] And when I felt like I was an old cardigan Under someone's bed You put me on and said I was your favorite [Verse 2] A friend to all is a friend to none Chase two girls, lose the one When you are young, they assume you know nothing [Chorus] But I knew you Playing hide-and-seek and Giving me your weekends, I I knew you Your heartbeat on the High Line Once in twenty lifetimes, I [Refrain] And when I felt like I was an old cardigan Under someone's bed You put me on and said I was your favorite [Bridge] To kiss in cars and downtown bars Was all we needed You drew stars around my scars But now I'm bleedin' [Chorus] 'Cause I knew you Steppin' on the last train Marked me like a bloodstain, I I knew you Tried to change the ending Peter losing Wendy, I I knew you Leavin' like a father Running like water, I And when you are young, they assume you know nothing [Verse 3] But I knew you'd linger like a tattoo kiss I knew you'd haunt all of my what-ifs The smell of smoke would hang around this long 'Cause I knew everything when I was young I knew I'd curse you for the longest time Chasin' shadows in the grocery line I knew you'd miss me once the thrill expired And you'd be standin' in my front porch light And I knew you'd come back to me You'd come back to me And you'd come back to me And you'd come back [Refrain] And when I felt like I was an old cardigan Under someone's bed You put me on and said I was your favorite "
folklore,​august,"[Verse 1] Salt air, and the rust on your door I never needed anything more Whispers of ""Are you sure?"" Never have I ever before [Chorus] But I can see us lost in the memory August slipped away into a moment in time 'Cause it was never mine And I can see us twisted in bedsheets August sipped away like a bottle of wine 'Cause you were never mine [Verse 2] Your back beneath the sun Wishin' I could write my name on it Will you call when you're back at school? I remember thinkin' I had you [Chorus] But I can see us lost in the memory August slipped away into a moment in time 'Cause it was never mine And I can see us twisted in bedsheets August sipped away like a bottle of wine 'Cause you were never mine [Bridge] Back when we were still changin' for the better Wanting was enough For me, it was enough To live for the hope of it all Canceled plans just in case you'd call And say, ""Meet me behind the mall"" So much for summer love and saying ""us"" 'Cause you weren't mine to lose You weren't mine to lose, no [Chorus] But I can see us lost in the memory August slipped away into a moment in time 'Cause it was never mine And I can see us twisted in bedsheets August sipped away like a bottle of wine 'Cause you were never mine [Outro] 'Cause you were never mine Never mine But do you remember? Remember when I pulled up and said ""Get in the car"" And then canceled my plans just in case you'd call? Back when I was livin' for the hope of it all, for the hope of it all Meet me behind the mall (Remember when I pulled up and said ""Get in the car"") (And then canceled my plans just in case you'd call?) (Back when I was livin' for the hope of it all, for the hope of it all) (""Meet me behind the mall"") Remember when I pulled up and said ""Get in the car"" And then canceled my plans just in case you'd call? Back when I was livin' for the hope of it all (For the hope of it all) For the hope of it all, for the hope of it all (For the hope of it all, for the hope of it all) "
folklore,​the 1,"[Verse 1] I'm doing good, I'm on some new shit Been saying ""yes"" instead of ""no"" I thought I saw you at the bus stop, I didn't though I hit the ground running each night I hit the Sunday matinée You know the greatest films of all time were never made [Pre-Chorus] I guess you never know, never know And if you wanted me, you really should've showed And if you never bleed, you're never gonna grow And it's alright now [Chorus] But we were something, don't you think so? Roaring twenties, tossing pennies in the pool And if my wishes came true It would've been you In my defense, I have none For never leaving well enough alone But it would've been fun If you would've been the one (Ooh) [Verse 2] I have this dream you're doing cool shit Having adventures on your own You meet some woman on the internet and take her home We never painted by the numbers, baby But we were making it count You know the greatest loves of all time are over now [Pre-Chorus] I guess you never know, never know And it's another day waking up alone [Chorus] But we were something, don't you think so? Roaring twenties, tossing pennies in the pool And if my wishes came true It would've been you In my defense, I have none For never leaving well enough alone But it would've been fun If you would've been the one [Bridge] I, I, I persist and resist the temptation to ask you If one thing had been different Would everything be different today? [Chorus] We were something, don't you think so? Rosé flowing with your chosen family And it would've been sweet If it could've been me In my defense, I have none For digging up the grave another time But it would've been fun If you would've been the one (Ooh) "
folklore,​betty,"[Verse 1] Betty, I won't make assumptions About why you switched your homeroom, but I think it's 'cause of me Betty, one time I was riding on my skateboard When I passed your house It's like I couldn't breathe [Pre-Chorus] You heard the rumors from Inez You can't believe a word she says Most times, but this time it was true The worst thing that I ever did Was what I did to you [Chorus] But if I just showed up at your party Would you have me? Would you want me? Would you tell me to go fuck myself Or lead me to the garden? In the garden, would you trust me If I told you it was just a summer thing? I'm only seventeen, I don't know anything But I know I miss you [Verse 2] Betty, I know where it all went wrong Your favorite song was playing From the far side of the gym I was nowhere to be found I hate the crowds, you know that Plus, I saw you dance with him [Pre-Chorus] You heard the rumors from Inez You can't believe a word she says Most times, but this time it was true The worst thing that I ever did Was what I did to you [Chorus] But if I just showed up at your party Would you have me? Would you want me? Would you tell me to go fuck myself Or lead me to the garden? In the garden, would you trust me If I told you it was just a summer thing? I'm only seventeen, I don't know anything But I know I miss you [Bridge] I was walking home on broken cobblestones Just thinking of you when she pulled up like A figment of my worst intentions She said ""James, get in, let's drive"" Those days turned into nights Slept next to her, but I dreamt of you all summer long [Verse 3] Betty, I'm here on your doorstep And I planned it out for weeks now But it's finally sinkin' in Betty, right now is the last time I can dream about what happens when You see my face again [Pre-Chorus] The only thing I wanna do Is make it up to you So I showed up at your party Yeah, I showed up at your party [Chorus] Yeah, I showed up at your party Will you have me? Will you love me? Will you kiss me on the porch In front of all your stupid friends? If you kiss me, will it be just like I dreamed it? Will it patch your broken wings? I'm only seventeen, I don't know anything But I know I miss you [Outro] Standing in your cardigan Kissin' in my car again Stopped at a streetlight You know I miss you "
1989 (Deluxe),Style,"[Verse 1] Midnight You come and pick me up, no headlights Long drive Could end in burning flames or paradise Fade into view, oh It's been a while since I have even heard from you (Heard from you) And I should just tell you to leave, 'cause I Know exactly where it leads, but I Watch us go 'round and 'round each time [Chorus] You got that James Dean daydream look in your eye And I got that red lip classic thing that you like And when we go crashing down, we come back every time 'Cause we never go out of style, we never go out of style You got that long hair, slicked back, white t-shirt And I got that good girl faith and a tight little skirt And when we go crashing down, we come back every time 'Cause we never go out of style, we never go out of style [Verse 2] So it goes He can't keep his wild eyes on the road (Mmm) Takes me home The lights are off, he's taking off his coat (Mmm, yeah) I say, ""I heard, oh That you've been out and about with some other girl"" Some other girl He says, ""What you heard is true, but I Can't stop thinking 'bout you,"" and I I said, ""I've been there too a few times"" [Chorus] 'Cause you got that James Dean daydream look in your eye And I got that red lip classic thing that you like And when we go crashing down, we come back every time 'Cause we never go out of style, we never go out of style You got that long hair, slicked back, white t-shirt And I got that good girl faith and a tight little skirt (A tight little skirt) And when we go crashing down, we come back every time 'Cause we never go out of style (we never go, we never go) We never go out of style [Bridge] Take me home Just take me home Yeah, just take me home Oh-oh, whoa-oh, oh (Out of style) [Chorus] Oh, you got that James Dean daydream look in your eye And I got that red lip classic thing that you like And when we go crashing down (And when we go) We come back every time 'Cause we never go out of style, we never go out of style "
1989 (Deluxe),Wildest Dreams,"[Intro] [Verse 1] He said, ""Let's get out of this town Drive out of this city, away from the crowds"" I thought, ""Heaven can't help me now"" Nothing lasts forever But this is gonna take me down [Pre-Chorus 1] He's so tall and handsome as hell He's so bad, but he does it so well I can see the end as it begins My one condition is [Chorus] Say you'll remember me Standing in a nice dress Staring at the sunset, babe Red lips and rosy cheeks Say you'll see me again Even if it's just in your Wildest dreams, ah-aah, haa Wildest dreams, ah-aah, haa [Verse 2] I said, ""No one has to know what we do"" His hands are in my hair, his clothes are in my room And his voice is a familiar sound Nothing lasts forever But this is gettin' good now [Pre-Chorus 2] He's so tall and handsome as hell He's so bad, but he does it so well And when we've had our very last kiss My last request, it is [Chorus] Say you'll remember me Standing in a nice dress Staring at the sunset, babe Red lips and rosy cheeks Say you'll see me again Even if it's just in your Wildest dreams, ah-aah, haa (Ah-aah, haa) Wildest dreams, ah-aah, haa [Bridge] You'll see me in hindsight, tangled up with you all night Burnin' it down Someday when you leave me, I'd bet these memories Follow you around You'll see me in hindsight, tangled up with you all night Burning (Burning) it (It) down (Down) Someday when you leave me, I'll bet these memories Follow (Follow) you (You) around (Around) (Follow you around) [Breakdown] Say you'll remember me Standing in a nice dress Staring at the sunset, babe Red lips and rosy cheeks Say you'll see me again Even if it's just pretend [Chorus] Say you'll remember me Standing in a nice dress Staring at the sunset, babe Red lips and rosy cheeks Say you'll see me again Even if it's just in your (Pretend, just pretend) Wildest dreams, ah-aah, ha (Ah-aah-aah-aah-aah-hafhaa) In your wildest dreams, ah-aah, haa Even if it's just in your Wildest dreams, ah-aah, haa In your wildest dreams, ah-aah, haa "
1989 (Deluxe),Shake It Off,"[Verse 1] I stay out too late Got nothing in my brain That's what people say, mmm, mmm That's what people say, mmm, mmm I go on too many dates But I can't make them stay At least that's what people say, mmm, mmm That's what people say, mmm, mmm [Pre-Chorus 1] But I keep cruisin' Can't stop, won't stop movin' It's like I got this music in my mind Saying it's gonna be alright [Chorus] 'Cause the players gonna play, play, play, play, play And the haters gonna hate, hate, hate, hate, hate Baby, I'm just gonna shake, shake, shake, shake, shake I shake it off, I shake it off Heartbreakers gonna break, break, break, break, break And the fakers gonna fake, fake, fake, fake, fake Baby, I'm just gonna shake, shake, shake, shake, shake I shake it off, I shake it off [Verse 2] I never miss a beat I'm lightning on my feet And that's what they don’t see, mmm, mmm That's what they don’t see, mmm, mmm I'm dancing on my own (Dancing on my own) I make the moves up as I go (Moves up as I go) And that's what they don't know, mmm, mmm That’s what they don’t know, mmm, mmm [Pre-Chorus 2] But I keep cruisin' Can't stop, won't stop groovin' It's like I got this music in my mind Saying it's gonna be alright [Chorus] 'Cause the players gonna play, play, play, play, play And the haters gonna hate, hate, hate, hate, hate Baby, I'm just gonna shake, shake, shake, shake, shake I shake it off, I shake it off Heartbreakers gonna break, break, break, break, break And the fakers gonna fake, fake, fake, fake, fake Baby, I'm just gonna shake, shake, shake, shake, shake I shake it off, I shake it off [Post-Chorus] Shake it off, I shake it off I, I, I shake it off, I shake it off I, I, I shake it off, I shake it off I, I, I shake it off, I shake it off [Interlude] Hey, hey, hey Just think while you've been getting down and out about the liars And the dirty, dirty cheats of the world You could've been getting down To this sick beat [Bridge] My ex-man brought his new girlfriend She's like, “Oh my God,” but I'm just gonna shake And to the fella over there with the hella good hair Won't you come on over, baby? We can shake, shake, shake Yeah, oh, oh, oh [Chorus] 'Cause the players gonna play, play, play, play, play And the haters gonna hate, hate, hate, hate, hate (Haters gonna hate) Baby, I'm just gonna shake, shake, shake, shake, shake I shake it off, I shake it off Heartbreakers gonna break, break, break, break, break (Mmhm) And the fakers gonna fake, fake, fake, fake, fake (And fake, and fake, and fake) Baby, I'm just gonna shake, shake, shake, shake, shake I shake it off, I shake it off [Post-Chorus] Shake it off, I shake it off I, I, I shake it off, I shake it off I, I, I shake it off, I shake it off I, I, I shake it off, I shake it off Shake it off, I shake it off I, I, I shake it off, I shake it off I, I, I shake it off, I shake it off I, I, I shake it off, I shake it off (Yeah) Shake it off, I shake it off I, I, I shake it off, I shake it off (You got to) I, I, I shake it off, I shake it off I, I, I shake it off, I shake it off [Video directed by Mark Romanek] "
1989 (Deluxe),Blank Space,"[Verse 1] Nice to meet you, where you been? I could show you incredible things Magic, madness, heaven, sin Saw you there, and I thought Oh my God, look at that face
Blank Space 	Love's a game, wanna play? Ayy [Verse 2] New money, suit and tie I can read you like a magazine Ain't it funny? Rumors fly And I know you heard about me So hey, let's be friends I'm dyin' to see how this one ends Grab your passport and my hand I can make the bad guys good for a weekend [Chorus] So it's gonna be forever Or it's gonna go down in flames You can tell me when it's over, mm If the high was worth the pain Got a long list of ex-lovers They'll tell you I'm insane 'Cause you know I love the players And you love the game 'Cause we're young and we're reckless We'll take this way too far It'll leave you breathless, hmm Or with a nasty scar Got a long list of ex-lovers They'll tell you I'm insane But I've got a blank space, baby And I'll write your name [Verse 3] Cherry lips, crystal skies I could show you incredible things Stolen kisses, pretty lies You're the King, baby, I'm your Queen Find out what you want Be that girl for a month Wait, the worst is yet to come Oh, no [Verse 4] Screaming, crying, perfect storms I can make all the tables turn Rose garden filled with thorns Keep you second guessin' like Oh my God, who is she? I get drunk on jealousy But you'll come back each time you leave 'Cause, darling, I'm a nightmare dressed like a daydream [Chorus] So it's gonna be forever Or it's gonna go down in flames You can tell me when it's over, mm If the high was worth the pain Got a long list of ex-lovers They'll tell you I'm insane 'Cause you know I love the players And you love the game 'Cause we're young and we're reckless We'll take this way too far It'll leave you breathless, hmm Or with a nasty scar Got a long list of ex-lovers They'll tell you I'm insane But I've got a blank space, baby And I'll write your name [Bridge] Boys only want love if it's torture Don't say I didn't, say I didn't warn ya Boys only want love if it's torture Don't say I didn't, say I didn't warn ya [Chorus] So it's gonna be forever Or it's gonna go down in flames You can tell me when it's over, mm If the high was worth the pain Got a long list of ex-lovers They'll tell you I'm insane 'Cause you know I love the players And you love the game 'Cause we're young and we're reckless We'll take this way too far It'll leave you breathless, hmm Or with a nasty scar Got a long list of ex-lovers They'll tell you I'm insane But I've got a blank space, baby And I'll write your name "
1989 (Deluxe),Bad Blood,"[Chorus] ’Cause baby, now we've got bad blood You know it used to be mad love So take a look what you've done ’Cause baby, now we've got bad blood, hey! Now we've got problems And I don't think we can solve 'em You made a really deep cut And baby, now we've got bad blood, hey! [Verse 1] Did you have to do this? I was thinking that you could be trusted Did you have to ruin what was shiny? Now it's all rusted Did you have to hit me where I'm weak? Baby, I couldn't breathe And rub it in so deep Salt in the wound like you're laughing right at me [Pre-Chorus] Oh, it's so sad to Think about the good times You and I [Chorus] ’Cause baby, now we've got bad blood You know it used to be mad love So take a look what you've done ’Cause baby, now we've got bad blood, hey! Now we've got problems And I don't think we can solve 'em You made a really deep cut And baby, now we've got bad blood, hey! [Verse 2] Did you think we'd be fine? Still got scars in my back from your knives So don't think it's in the past These kinds of wounds they last and they last Now, did you think it all through? All these things will catch up to you And time can heal, but this won't So if you're coming my way Just don't [Pre-Chorus] Oh, it's so sad to Think about the good times You and I [Chorus] ’Cause baby, now we've got bad blood You know it used to be mad love So take a look what you've done ’Cause baby, now we've got bad blood, hey! Now we've got problems And I don't think we can solve 'em You made a really deep cut And baby, now we've got bad blood, hey! [Bridge] Band-aids don't fix bullet holes You say sorry just for show If you live like that, you live with ghosts Band-aids don't fix bullet holes You say sorry just for show If you live like that, you live with ghosts If you love like that, blood runs cold! [Chorus] ’Cause baby, now we've got bad blood You know it used to be mad love So take a look what you've done ’Cause baby, now we've got bad blood, hey! Now we've got problems And I don't think we can solve 'em (Think we can solve 'em) You made a really deep cut And baby, now we've got bad blood, hey! [Chorus] ’Cause baby, now we've got bad blood You know it used to be mad love So take a look what you've done (Look what you've done) ’Cause baby, now we've got bad blood, hey! Now we've got problems And I don't think we can solve 'em You made a really deep cut And baby, now we've got bad blood, hey! "
Fearless,Fifteen,"[Verse 1] You take a deep breath and you walk through the doors It's the morning of your very first day You say hi to your friends you ain't seen in a while Try and stay out of everybody's way It's your freshman year and you're gonna be here For the next four years in this town Hoping one of those senior boys will wink at you and say You know, I haven't seen you around before [Chorus] 'Cause when you're fifteen and somebody tells you they love you You're gonna believe them And when you're fifteen feeling like there's nothing to figure out Well, count to ten, take it in This is life before you know who you're gonna be Fifteen [Verse 2] You sit in class next to a redhead named Abigail And soon enough you're best friends Laughing at the other girls who think they're so cool We'll be outta here as soon as we can And then you're on your very first date and he's got a car And you're feeling like flying And your momma's waiting up and you're thinking he's the one And you're dancing 'round your room when the night ends When the night ends [Chorus] 'Cause when you're fifteen and somebody tells you they love you You're gonna believe them And when you're fifteen and your first kiss Makes your head spin 'round But in your life you'll do things greater than Dating the boy on the football team But I didn't know it at fifteen [Bridge] When all you wanted was to be wanted Wish you could go back and tell yourself what you know now Back then I swore I was gonna marry him someday But I realized some bigger dreams of mine And Abigail gave everything she had to a boy Who changed his mind and we both cried [Chorus] 'Cause when you're fifteen and somebody tells you they love you You're gonna believe them And when you're fifteen, don't forget to look before you fall I've found time can heal most anything And you just might find who you're supposed to be I didn't know who I was supposed to be at fifteen La la la la la la la la la la La la la la la la la la la la La la la la la la [Outro] Your very first day Take a deep breath, girl Take a deep breath as you walk through the doors "
Fearless,Fearless,"[Verse 1] There's something 'bout the way the street looks when it's just rained There's a glow off the pavement, you walk me to the car And you know I wanna ask you to dance right there In the middle of the parking lot, yeah Oh, yeah We're driving down the road, I wonder if you know I'm trying so hard not to get caught up now But you're just so cool, run your hands through your hair Absentmindedly making me want you [Chorus] And I don't know how it gets better than this You take my hand and drag me head first, fearless And I don't know why but with you I'd dance In a storm in my best dress, fearless [Verse 2] So, baby, drive slow 'til we run out of road in this one horse town I wanna stay right here, in this passenger's seat You put your eyes on me In this moment now, capture it, remember it [Chorus] 'Cause I don't know how it gets better than this You take my hand and drag me head first, fearless And I don't know why but with you I'd dance In a storm in my best dress, fearless [Bridge] Well, you stood there with me in the doorway My hands shake, I'm not usually this way but You pull me in and I'm a little more brave It's the first kiss, it's flawless, really something It's fearless Oh, yeah [Chorus] 'Cause I don't know how it gets better than this You take my hand and drag me head first, fearless And I don't know why but with you I'd dance In a storm in my best dress, fearless [Chorus] 'Cause I don't know how it gets better than this You take my hand and drag me head first, fearless And I don't know why but with you I'd dance In a storm in my best dress, fearless [Outro] Oh, oh Oh, yeah "
Fearless,White Horse,"[Verse 1] Say you're sorry, that face of an angel Comes out just when you need it to As I paced back and forth all this time 'Cause I honestly believed in you Holdin' on, the days drag on Stupid girl, I shoulda known, I shoulda known [Chorus] That I'm not a princess, this ain't a fairytale I'm not the one you'll sweep off her feet, lead her up the stairwell This ain't Hollywood, this is a small town I was a dreamer before you went and let me down Now it's too late for you and your white horse To come around [Verse 2] Maybe I was naive, got lost in your eyes And never really had a chance My mistake, I didn't know to be in love You had to fight to have the upper hand I had so many dreams about you and me Happy endings, now I know [Chorus] That I'm not a princess, this ain't a fairytale I'm not the one you'll sweep off her feet, lead her up the stairwell This ain't Hollywood, this is a small town I was a dreamer before you went and let me down Now it's too late for you and your white horse To come around [Bridge] And there you are on your knees Beggin' for forgiveness, beggin' for me Just like I always wanted But I'm so sorry [Chorus] 'Cause I'm not your princess, this ain't our fairytale I'm gonna find someone someday Who might actually treat me well This is a big world, that was a small town There in my rear view mirror disappearing now And it's too late for you and your white horse Now it's too late for you and your white horse To catch me now [Outro] Oh, whoa, whoa, whoa Try and catch me now, oh It's too late to catch me now "
Fearless,Love Story,"[Verse 1] We were both young when I first saw you I close my eyes, and the flashback starts I'm standing there On a balcony in summer air See the lights, see the party, the ball gowns See you make your way through the crowd And say, ""hello"" Little did I know [Pre-Chorus 1] That you were Romeo, you were throwing pebbles And my daddy said, ""stay away from Juliet"" And I was crying on the staircase Begging you, ""please don't go,"" and I said [Chorus 1] Romeo, take me somewhere we can be alone I'll be waiting, all there's left to do is run You'll be the prince and I'll be the princess It's a love story, baby, just say ""yes"" [Verse 2] So I sneak out to the garden to see you We keep quiet, 'cause we're dead if they knew So close your eyes Escape this town for a little while [Pre-Chorus 2] 'Cause you were Romeo, I was a scarlet letter And my daddy said, ""Stay away from Juliet"" But you were everything to me I was begging you please don't go, and I said [Chorus 2] Romeo, take me somewhere we can be alone I'll be waiting, all there's left to do is run You'll be the prince and I'll be the princess It's a love story baby just say ""yes"" Romeo, save me, they're trying to tell me how to feel This love is difficult, but it's real Don't be afraid, we'll make it out of this mess It's a love story baby just say ""yes"" Oh, oh [Bridge] I got tired of waiting Wondering if you were ever coming around My faith in you was fading When I met you on the outskirts of town And I said: ""Romeo, save me, I've been feeling so alone I keep waiting for you but you never come Is this in my head? I don't know what to think"" He knelt to the ground and pulled out a ring, and said [Chorus 3] Marry me Juliet You'll never have to be alone I love you and that's all I really know I talked to your dad, go pick out a white dress It's a love story, baby, just say 'yes'"" [Outro] Oh, oh Oh, oh 'Cause we were both young when I first saw you "
Fearless,You Belong with Me,"[Verse 1] You're on the phone with your girlfriend, she's upset She's going off about something that you said 'Cause she doesn't get your humor like I do I'm in the room, it's a typical Tuesday night I'm listening to the kind of music she doesn't like And she'll never know your story like I do [Pre-Chorus] But she wears short skirts, I wear T-shirts She's Cheer Captain and I'm on the bleachers Dreaming about the day when you wake up and find That what you're looking for has been here the whole time [Chorus] If you could see that I'm the one who understands you Been here all along, so why can't you see? You belong with me, you belong with me [Verse 2] Walking the streets with you and your worn-out jeans I can't help thinking this is how it ought to be Laughing on a park bench, thinking to myself Hey, isn't this easy? And you've got a smile that could light up this whole town I haven't seen it in a while since she brought you down You say you're fine, I know you better than that Hey, whatcha doing with a girl like that? [Pre-Chorus] She wears high heels, I wear sneakers She's Cheer Captain and I'm on the bleachers Dreaming about the day when you wake up and find That what you're looking for has been here the whole time [Chorus] If you could see that I'm the one who understands you Been here all along, so why can't you see? You belong with me Standing by and waiting at your back door All this time how could you not know, baby? You belong with me, you belong with me [Bridge] Oh, I remember you driving to my house In the middle of the night I'm the one who makes you laugh When you know you're 'bout to cry And I know your favorite songs And you tell me 'bout your dreams Think I know where you belong Think I know it's with me [Chorus] Can't you see that I'm the one who understands you Been here all along, so why can't you see? You belong with me Standing by and waiting at your back door All this time how could you not know, baby? You belong with me, you belong with me [Outro] You belong with me Have you ever thought just maybe You belong with me? You belong with me "
Lover,You Need To Calm Down,"[Verse 1] You are somebody that I don't know But you're takin' shots at me like it's Patrón And I'm just like, damn, it's 7 AM Say it in the street, that's a knock-out But you say it in a Tweet, that's a cop-out And I'm just like, ""Hey, are you okay?"" [Pre-Chorus] And I ain't tryna mess with your self-expression But I've learned a lesson that stressin' and obsessin' 'bout somebody else is no fun And snakes and stones never broke my bones [Chorus] So oh-oh, oh-oh, oh-oh, oh-oh, oh-oh You need to calm down, you're being too loud And I'm just like oh-oh, oh-oh, oh-oh, oh-oh, oh-oh (Oh) You need to just stop, like can you just not step on my gown? You need to calm down [Verse 2] You are somebody that we don't know But you're comin' at my friends like a missile Why are you mad when you could be GLAAD? (You could be GLAAD) Sunshine on the street at the parade But you would rather be in the dark ages Makin' that sign must've taken all night [Pre-Chorus] You just need to take several seats and then try to restore the peace And control your urges to scream about all the people you hate 'Cause shade never made anybody less gay [Chorus] So oh-oh, oh-oh, oh-oh, oh-oh, oh-oh You need to calm down, you're being too loud And I'm just like oh-oh, oh-oh, oh-oh, oh-oh, oh-oh (Oh) You need to just stop, like can you just not step on his gown? You need to calm down [Bridge] And we see you over there on the internet Comparing all the girls who are killing it But we figured you out We all know now we all got crowns You need to calm down [Chorus] Oh-oh, oh-oh, oh-oh, oh-oh, oh-oh You need to calm down (You need to calm down) You're being too loud (You're being too loud) And I'm just like oh-oh, oh-oh, oh-oh, oh-oh, oh-oh (Oh) You need to just stop (Can you stop?) Like can you just not step on our gowns? You need to calm down "
Lover,The Archer,"[Verse 1] Combat, I'm ready for combat I say I don't want that, but what if I do? 'Cause cruelty wins in the movies I've got a hundred thrown-out speeches I almost said to you [Pre-Chorus] Easy they come, easy they go I jump from the train, I ride off alone I never grew up, it's getting so old Help me hold on to you [Chorus] I've been the archer, I've been the prey Who could ever leave me, darling But who could stay? [Verse 2] Dark side, I search for your dark side But what if I'm alright, right, right, right here? And I cut off my nose just to spite my face Then I hate my reflection for years and years [Pre-Chorus] I wake in the night, I pace like a ghost The room is on fire, invisible smoke And all of my heroes die all alone Help me hold on to you [Chorus] I've been the archer, I've been the prey Screaming, who could ever leave me, darling But who could stay? (I see right through me, I see right through me) [Bridge] 'Cause they see right through me They see right through me They see right through Can you see right through me? They see right through They see right through me I see right through me I see right through me [Pre-Chorus] All the king's horses, all the king's men Couldn't put me together again 'Cause all of my enemies started out friends Help me hold on to you [Chorus] I've been the archer, I've been the prey Who could ever leave me, darling But who could stay? (I see right through me, I see right through me) Who could stay? Who could stay? Who could stay? You could stay You could stay [Outro] Combat, I'm ready for combat "
Lover,ME!  (Ft. Brendon Urie),"[Intro: Taylor Swift] I promise that you'll never find another like me [Verse 1: Taylor Swift] I know that I'm a handful, baby, uh I know I never think before I jump And you're the kind of guy the ladies want (And there's a lot of cool chicks out there) I know that I went psycho on the phone I never leave well enough alone And trouble's gonna follow where I go (And there's a lot of cool chicks out there) [Pre-Chorus: Taylor Swift] But one of these things is not like the others Like a rainbow with all of the colors Baby doll, when it comes to a lover I promise that you'll never find another like [Chorus: Taylor Swift] Me-e-e, ooh-ooh-ooh-ooh I'm the only one of me Baby, that's the fun of me Eeh-eeh-eeh, ooh-ooh-ooh-ooh You're the only one of you Baby, that's the fun of you And I promise that nobody's gonna love you like me-e-e [Verse 2: Brendon Urie & Taylor Swift] I know I tend to make it about me I know you never get just what you see But I will never bore you, baby (And there's a lot of lame guys out there) And when we had that fight out in the rain You ran after me and called my name I never wanna see you walk away (And there's a lot of lame guys out there) [Pre-Chorus: Taylor Swift & Brendon Urie, Brendon Urie] 'Cause one of these things is not like the others Livin' in winter, I am your summer Baby doll, when it comes to a lover I promise that you'll never find another like [Chorus: Brendon Urie, Taylor Swift & Brendon Urie] Me-e-e, ooh-ooh-ooh-ooh I'm the only one of me Let me keep you company Eeh-eeh-eeh, ooh-ooh-ooh-ooh You're the only one of you Baby, that's the fun of you And I promise that nobody's gonna love you like me-e-e [Bridge: Brendon Urie, Taylor Swift & Both] Girl, there ain't no I in ""team"" But you know there is a ""me"" Strike the band up, 1, 2, 3 I promise that you'll never find another like me Girl, there ain't no I in ""team"" But you know there is a ""me"" And you can't spell ""awesome"" without ""me"" I promise that you'll never find another like [Chorus: Both, Taylor Swift & Brendon Urie] Me-e-e (Yeah), ooh-ooh-ooh-ooh (And I want ya, baby) I'm the only one of me (I'm the only one of me) Baby, that's the fun of me (Baby, that's the fun of me) Eeh-eeh-eeh, ooh-ooh-ooh-ooh (Oh) You're the only one of you (Oh) Baby, that's the fun of you And I promise that nobody's gonna love you like me-e-e [Outro: Brendon Urie, Taylor Swift & Both] Girl, there ain't no I in ""team"" (Ooh-ooh-ooh-ooh) But you know there is a ""me"" I'm the only one of me (Oh-oh) Baby, that's the fun of me (Eeh-eeh-eeh, ooh-ooh-ooh-ooh) Strike the band up, 1, 2, 3 You can't spell ""awesome"" without ""me"" You're the only one of you Baby, that's the fun of you And I promise that nobody's gonna love you like me-e-e "
Lover,The Man,"[Verse 1] I would be complex, I would be cool They'd say I played the field before I found someone to commit to And that would be okay for me to do Every conquest I had made would make me more of a boss to you [Pre-Chorus] I’d be a fearless leader I'd be an alpha type When everyone believes ya What's that like? [Chorus] I’m so sick of running as fast as I can Wondering if I'd get there quicker if I was a man And I'm so sick of them coming at me again 'Cause if I was a man, then I'd be the man I'd be the man I'd be the man [Verse 2] They'd say I hustled, put in the work They wouldn’t shake their heads and question how much of this I deserve What I was wearing, if I was rude Could all be separated from my good ideas and power moves [Pre-Chorus] And they would toast to me, oh, let the players play I’d be just like Leo in Saint-Tropez [Chorus] I'm so sick of running as fast as I can Wondering if I’d get there quicker if I was a man And I'm so sick of them coming at me again 'Cause if I was a man, then I'd be the man I’d be the man I'd be the man [Bridge] What's it like to brag about raking in dollars And getting bitches and models? And it's all good if you're bad And it's okay if you're mad If I was out flashing my dollars I'd be a bitch, not a baller They'd paint me out to be bad So, it's okay that I'm mad [Chorus] I'm so sick of running as fast as I can Wondering if I'd get there quicker if I was a man (You know that) And I'm so sick of them coming at me again (Coming at me again) 'Cause if I was a man (If I was a man) Then I'd be the man (Then I'd be the man) I'm so sick of running as fast as I can (As fast as I can) Wondering if I'd get there quicker if I was a man (Hey) And I'm so sick of them coming at me again (Coming at me again) 'Cause if I was a man (If I was a man), then I'd be the man I'd be the man I'd be the man (Oh) I'd be the man (Yeah) I'd be the man (I'd be the man) [Outro] If I was a man, then I'd be the man "
Lover,Lover,"[Verse 1] We could leave the Christmas lights up 'til January And this is our place, we make the rules And there's a dazzling haze, a mysterious way about you, dear Have I known you 20 seconds or 20 years? [Chorus] Can I go where you go? Can we always be this close? Forever and ever, ah Take me out, and take me home You're my, my, my, my lover [Verse 2] We could let our friends crash in the living room This is our place, we make the call And I'm highly suspicious that everyone who sees you wants you I've loved you three summers now, honey, but I want 'em all [Chorus] Can I go where you go? Can we always be this close? Forever and ever, ah Take me out, and take me home (Forever and ever) You're my, my, my, my lover [Bridge] Ladies and gentlemen, will you please stand? With every guitar string scar on my hand I take this magnetic force of a man to be my lover My heart's been borrowed and yours has been blue All's well that ends well to end up with you Swear to be overdramatic and true to my lover And you'll save all your dirtiest jokes for me And at every table, I'll save you a seat, lover [Chorus] Can I go where you go? Can we always be this close? Forever and ever, ah Take me out, and take me home (Forever and ever) You're my, my, my, my Oh, you're my, my, my, my Darling, you're my, my, my, my lover "
Red,I Knew You Were Trouble,"[Intro] [Verse 1] Once upon a time, a few mistakes ago I was in your sights, you got me alone You found me, you found me, you found me I guess you didn't care, and I guess I liked that And when I fell hard, you took a step back Without me, without me, without me [Pre-Chorus] And he's long gone, when he's next to me And I realize the blame is on me [Chorus] 'Cause I knew you were trouble when you walked in So, shame on me now Flew me to places I'd never been 'Til you put me down, oh I knew you were trouble when you walked in So, shame on me now Flew me to places I'd never been Now I'm lying on the cold hard ground Oh, oh-oh Trouble, trouble, trouble Oh, oh-oh Trouble, trouble, trouble [Verse 2] No apologies, he'll never see you cry Pretend he doesn't know That he's the reason why You're drowning, you're drowning You're drowning And I heard you moved on From whispers on the street A new notch in your belt is all I'll ever be And now I see, now I see Now I see [Pre-Chorus] He was long gone when he met me And I realize the joke is on me, hey! [Chorus] I knew you were trouble when you walked in (oh) So, shame on me now Flew me to places I'd never been 'Til you put me down, oh I knew you were trouble when you walked in So, shame on me now Flew me to places I'd never been (yeah) Now I'm lying on the cold hard ground Oh, oh-oh (yeah) Trouble, trouble, trouble Oh, oh-oh Trouble, trouble, trouble [Bridge] And the saddest fear Comes creeping in That you never loved me Or her, or anyone, or anything, yeah! [Chorus] I knew you were trouble when you walked in So, shame on me now Flew me to places I'd never been (never been) 'Til you put me down, oh I knew you were trouble when you walked in (Knew it right there) So, shame on me now (knew it right there) Flew me to places I'd never been (ooh) Now I'm lying on the cold hard ground Oh, oh-oh Trouble, trouble, trouble (oh) Oh, oh-oh Trouble, trouble, trouble [Outro] I knew you were trouble when you walked in Trouble, trouble, trouble I knew you were trouble when you walked in Trouble, trouble, trouble [Outro] "
Red,We Are Never Ever Getting Back Together,"[Verse 1] I remember when we broke up the first time Saying, ""This is it, I've had enough,"" 'cause like We hadn't seen each other in a month When you said you needed ""space"" (what?) Then you come around again and say Baby, I miss you and I swear I'm gonna change, trust me Remember how that lasted for a day? I say, ""I hate you,"" we break up, you call me, ""I love you"" [Pre-Chorus 1] Ooh-ooh-ooh-ooh-ooh We called it off again last night, but Ooh-ooh-ooh-ooh-ooh This time, I'm telling you, I'm telling you [Chorus] We are never, ever, ever getting back together We are never, ever, ever getting back together You go talk to your friends, talk to my friends, talk to me But we are never, ever, ever, ever getting back together Like, ever [Verse 2] I'm really gonna miss you picking fights And me, falling for it, screaming that I'm right And you would hide away and find your peace of mind With some indie record that's much cooler than mine [Pre-Chorus 2] Ooh-ooh-ooh-ooh-ooh You called me up again tonight, but Ooh-ooh-ooh-ooh-ooh This time, I'm telling you, I'm telling you [Chorus] We are never, ever, ever getting back together We are never, ever, ever (ever) getting back together You go talk to your friends, talk to my friends, talk to me (Talk to me) But we are never, ever, ever, ever getting back together [Post-Chorus] Ooh-ooh-ooh-ooh-ooh (yeah) Ooh-ooh-ooh-ooh-ooh (yeah) Ooh-ooh-ooh-ooh-ooh (yeah) Oh-oh-oh [Bridge] I used to think that we were forever, ever And I used to say, ""Never say never"" Ugh, so he calls me up and he's like, ""I still love you"" And I'm like, ""I just- I mean, this is exhausting, you know? Like, we are never getting back together, like, ever"" [Chorus] We are never, ever, ever getting back together We are never, ever, ever (ooh) getting back together You go talk to your friends, talk to my friends, talk to me But we are never, ever, ever, ever getting back together [Outro] We (ooh-ooh-ooh-ooh-ooh, ooh-ooh-ooh, no) Getting back together We (ooh-ooh-ooh-ooh-ooh, oh, oh, yeah) Getting back together You go talk to your friends, talk to my friends, talk to me (Talk to me) But we are never, ever, ever, ever getting back together "
Red,Begin Again,"[Verse 1] Took a deep breath in the mirror He didn't like it when I wore high heels, but I do Turn the lock and put my headphones on He always said he didn't get this song but I do, I do Walked in, expecting you'd be late But you got here early and you stand and wave I walk to you You pull my chair out and help me in And you don't know how nice that is, but I do [Chorus] And you throw your head back laughing like a little kid I think it's strange that you think I'm funny 'cause he never did I've been spending the last eight months Thinking all love ever does is break and burn and end But on a Wednesday in a cafe, I watched it begin again [Verse 2] You said you never met one girl who Had as many James Taylor records as you, but I do We tell stories and you don't know why I'm coming off a little shy, but I do [Chorus] But you throw your head back laughing like a little kid I think it's strange that you think I'm funny 'cause he never did I've been spending the last eight months Thinking all love ever does is break and burn and end But on a Wednesday in a cafe, I watched it begin again [Bridge] And we walked down the block to my car And I almost brought him up But you start to talk About the movies that your family watches Every single Christmas, and I will talk about that And for the first time, what's past is past [Chorus] 'Cause you throw your head back laughing like a little kid I think it's strange that you think I'm funny 'cause he never did I've been spending the last eight months Thinking all love ever does is break and burn and end But on a Wednesday in a cafe, I watched it begin again [Outro] But on a Wednesday in a cafe, I watched it begin again "
Red,22,"[Verse 1] It feels like a perfect night To dress up like hipsters And make fun of our exes, uh-uh, uh-uh It feels like a perfect night For breakfast at midnight To fall in love with strangers, uh-uh, uh-uh [Pre-Chorus] Yeah We're happy, free, confused, and lonely at the same time It's miserable and magical, oh, yeah Tonight's the night when we forget about the deadlines It's time, oh-oh [Chorus] I don't know about you, but I'm feeling 22 Everything will be alright if you keep me next to you You don't know about me, but I'll bet you want to Everything will be alright if we just keep dancing like we're 22, 22 [Verse 2] It seems like one of those nights This place is too crowded Too many cool kids, uh-uh, uh-uh (Who's Taylor Swift, anyway? Ew) It seems like one of those nights We ditch the whole scene And end up dreaming Instead of sleeping [Pre-Chorus] Yeah We're happy, free, confused, and lonely in the best way It's miserable and magical, oh, yeah Tonight's the night when we forget about the heartbreaks It's time, oh-oh [Chorus] (Hey!) I don't know about you, but I'm feeling 22 Everything will be alright (Ooh) if you keep me next to you You don't know about me, but I'll bet you want to Everything will be alright if (Alright) We just keep dancing like we're 22 (Oh, oh, oh, oh, oh) 22 (I don't know about you) 22, 22 [Bridge] It feels like one of those nights We ditch the whole scene It feels like one of those nights We won't be sleeping It feels like one of those nights You look like bad news I gotta have you I gotta have you Ooh, ooh, yeah [Chorus] (Hey!) I don't know about you, but I'm feeling 22 Everything will be alright if (Ooh) you keep me next to you You don't know about me, but I'll bet you want to Everything will be alright if we just keep dancing like we're 22 (Whoa, oh) 22 (Dancing like) 22 (Yeah, yeah), 22, (Yeah, yeah, yeah) [Outro] It feels like one of those nights We ditch the whole scene It feels like one of those nights We won't be sleeping It feels like one of those nights You look like bad news I gotta have you I gotta have you "
Red,Red,"[Verse 1] Loving him is like driving a new Maserati Down a dead-end street Faster than the wind, passionate as sin Ending so suddenly Loving him is like trying to change your mind Once you're already flying through the free fall Like the colors in autumn, so bright Just before they lose it all [Chorus] Losing him was blue like I'd never known Missing him was dark grey, all alone Forgetting him was like Trying to know somebody you never met But loving him was red Loving him was red [Verse 2] Touching him was like realizing all you ever wanted Was right there in front of you Memorizing him was as easy as knowing All the words to your old favorite song Fighting with him was like trying to solve a crossword And realizing there's no right answer Regretting him was like wishing you never found out That love could be that strong [Chorus] Losing him was blue like I'd never known Missing him was dark grey, all alone Forgetting him was like Trying to know somebody you never met But loving him was red Oh, red Burning red [Bridge] Remembering him comes in flashbacks and echoes Tell myself it's time now, gotta let go But moving on from him is impossible When I still see it all in my head In burning red Loving him was red [Chorus] Oh, losing him was blue like I'd never known Missing him was dark grey, all alone Forgetting him was like Trying to know somebody you never met 'Cause loving him was red Yeah, yeah, red We're burning red [Breakdown] And that's why he's spinning 'round in my head Comes back to me, burning red Yeah, yeah [Outro] His love was like driving a new Maserati Down a dead-end street "
reputation,...Ready for It?,"[Verse 1] Knew he was a killer first time that I saw him Wondered how many girls he had loved and left haunted But if he's a ghost, then I can be a phantom Holdin' him for ransom, some Some boys are tryin' too hard, he don't try at all though Younger than my exes, but he act like such a man, so I see nothing better, I keep him forever Like a vendetta-ta [Pre-Chorus] I, I, I see how this is gon' go Touch me and you'll never be alone I-Island breeze and lights down low No one has to know [Chorus] In the middle of the night, in my dreams You should see the things we do, baby In the middle of the night, in my dreams I know I'm gonna be with you, so I take my time Are you ready for it? [Verse 2] Knew I was a robber first time that he saw me Stealing hearts and running off and never sayin' sorry But if I'm a thief, then he can join the heist, and We'll move to an island, and And he can be my jailer, Burton to this Taylor Every love I've known in comparison is a failure I forget their names now, I'm so very tame now Never be the same now, now [Pre-Chorus] I, I, I see how this is gon' go Touch me and you'll never be alone I-Island breeze and lights down low No one has to know (No one has to know) [Chorus] In the middle of the night, in my dreams You should see the things we do, baby In the middle of the night in my dreams I know I'm gonna be with you, so I take my time Are you ready for it? Oh, are you ready for it? [Post-Chorus] Baby, let the games begin Let the games begin Let the games begin Baby, let the games begin Let the games begin Let the games begin [Pre-Chorus] I, I, I see how this is gon' go Touch me and you'll never be alone I-Island breeze and lights down low No one has to know [Chorus] In the middle of the night (Night), in my dreams (My dreams) You should see the things we do (We do), baby (Baby), hmm (Eh) In the middle of the night, in my dreams (My dreams) I know I'm gonna be with you (I know I'm gonna be with you) So I take my time In the middle of the night [Post-Chorus] Baby, let the games begin Let the games begin Let the games begin Are you ready for it? Baby, let the games begin Let the games begin Let the games begin Are you ready for it? "
reputation,Delicate,"[Intro] This ain't for the best My reputation's never been worse, so You must like me for me… We can't make Any promises now, can we, babe? But you can make me a drink [Verse 1] Dive bar on the East Side, where you at? Phone lights up my nightstand in the black Come here, you can meet me in the back Dark jeans and your Nikes, look at you Oh damn, never seen that color blue Just think of the fun things we could do 'Cause I like you [Pre-Chorus] This ain't for the best My reputation's never been worse, so You must like me for me… Yeah, I want you We can't make Any promises now, can we, babe? But you can make me a drink [Chorus] Is it cool that I said all that? Is it chill that you're in my head? 'Cause I know that it's delicate (Delicate) Is it cool that I said all that? Is it too soon to do this yet? 'Cause I know that it's delicate Isn't it? Isn't it? Isn't it? Isn't it? Isn't it? Isn't it? Isn't it? Isn't it... delicate? [Verse 2] Third floor on the West Side, me and you Handsome, you're a mansion with a view Do the girls back home touch you like I do? Long night, with your hands up in my hair Echoes of your footsteps on the stairs Stay here, honey, I don't wanna share 'Cause I like you [Pre-Chorus] This ain't for the best My reputation's never been worse, so You must like me for me… Yeah, I want you... We can't make Any promises now, can we, babe? But you can make me a drink [Chorus] Is it cool that I said all that? Is it chill that you're in my head? 'Cause I know that it's delicate (Delicate) Is it cool that I said all that? Is it too soon to do this yet? 'Cause I know that it's delicate Isn't it? Isn't it? Isn't it? Isn't it? Isn't it? Isn't it? Isn't it? Isn't it delicate? [Bridge] Sometimes I wonder when you sleep Are you ever dreaming of me? Sometimes when I look into your eyes I pretend you're mine, all the damn time 'Cause I like you [Chorus] Is it cool that I said all that? Is it chill that you're in my head? 'Cause I know that it's delicate (Delicate) (Yeah, I want you) Is it cool that I said all that? Is it too soon to do this yet? 'Cause I know that it's delicate (Delicate) 'Cause I like you Is it cool that I said all that? Isn't it? Isn't it? Isn't it? Isn't it? Is it chill that you're in my head? Isn't it? Isn't it? Isn't it? Isn't it? 'Cause I know that it's delicate Isn't it? Isn't it? Isn't it? Isn't it? (Yeah, I want you) Is it cool that I said all that? Isn't it? Isn't it? Isn't it? Isn't it? Is it too soon to do this yet? Isn't it? Isn't it? Isn't it? 'Cause I know that it's delicate Isn't it delicate? "
reputation,Gorgeous,"[Intro] Gorgeous [Verse 1] You should take it as a compliment That I got drunk and made fun of the way you talk You should think about the consequence Of your magnetic field being a little too strong And I got a boyfriend, he's older than us He's in the club doin' I don't know what You're so cool, it makes me hate you so much (I hate you so much) [Pre-Chorus 1] Whisky on ice, Sunset and Vine You've ruined my life by not being mine [Chorus] You're so gorgeous I can't say anything to your face 'Cause look at your face And I'm so furious At you for making me feel this way But what can I say? You're gorgeous [Verse 2] You should take it as a compliment That I'm talking to everyone here but you (But you, but you) And you should think about the consequence Of you touching my hand in a darkened room (Dark room, dark room) If you've got a girlfriend, I'm jealous of her But if you're single that's honestly worse 'Cause you're so gorgeous it actually hurts (Honey, it hurts) [Pre-Chorus 2] Ocean blue eyes looking in mine I feel like I might sink and drown and die [Chorus] You're so gorgeous I can't say anything to your face (To your face) 'Cause look at your face (Look at your face, gorgeous) And I'm so furious At you for making me feel this way (Feel this way) But what can I say? You're gorgeous [Bridge] You make me so happy it turns back to sad There's nothing I hate more than what I can't have And you are so gorgeous it makes me so mad (Mmh) You make me so happy it turns back to sad (Yeah) There's nothing I hate more than what I can't have and Guess I'll just stumble on home to my cats (Yeugh), alone Unless, you wanna come along? (Oh) [Chorus] You're so gorgeous I can't say anything to your face (To your face) 'Cause look at your face (Look at your face) And I'm so furious (I'm so furious) At you for making me feel this way (Feel this way) But what can I say? (I say) You're gorgeous [Outro] You make me so happy it turns back to sad (Yeah) There's nothing I hate more than what I can't have And you are so gorgeous it makes me so mad (Mmh) You're gorgeous You make me so happy it turns back to sad (It turns back to sad) There's nothing I hate more than what I can't have (What I can have) You are so gorgeous it makes me so mad (Mmh) You're gorgeous "
reputation,End Game  (Ft. Ed Sheeran & Future),"[Chorus: Taylor Swift & Future] I wanna be your end game I wanna be your first string I wanna be your A-Team (Whoa, whoa, whoa) I wanna be your end game, end game [Post-Chorus: Taylor Swift & Future] Big reputation, big reputation Ooh, you and me, we got big reputations, ah And you heard about me, ooh I got some big enemies (Yeah) Big reputation, big reputation Ooh, you and me would be a big conversation, ah (Git, git) And I heard about you, ooh (Yeah) You like the bad ones, too [Verse 1: Future] You so dope, don't overdose, I’m so stoked, I need a toast We do the most, I'm in the Ghost like I'm whippin’ a boat I got a reputation, girl that don't precede me (Yeah) I'm one call away whenever you need me (Yeah) I'm in a G5 (Yeah), come to the A-Side (Yeah) I got a bad boy persona, that's what they like (What they like) You love it, I love it too 'cause you my type (You my type) You hold me down and I protect you with my life [Pre-Chorus: Taylor Swift & Future] I don't wanna touch you, I don't wanna be Just another ex-love you don’t wanna see I don’t wanna miss you (I don't wanna miss you) Like the other girls do I don’t wanna hurt you, I just wanna be Drinking on a beach with you all over me I know what they all say (I know what they all say) But I ain't tryna play [Chorus: Taylor Swift] I wanna be your end game (End game) I wanna be your first string (First string) I wanna be your A-Team (A-Team) I wanna be your end game, end game [Verse 2: Ed Sheeran] Knew her when I was young, reconnected when we were little bit older Both sprung, I got issues and chips on both of my shoulders Reputation precedes me, in rumors, I'm knee-deep The truth is, it's easier to ignore it, believe me Even when we’d argue, we'd not do it for long And you understand the good and bad end up in the song For all your beautiful traits, and the way you do it with ease For all my flaws, paranoia, and insecurities I've made mistakes and made some choices, that's hard to deny After the storm, something was born on the 4th of July I've passed days without fun, this end game is the one With four words on the tip of my tongue, I'll never say it [Pre-Chorus: Taylor Swift] I don't wanna touch you, I don't wanna be Just another ex-love you don't wanna see I don't wanna miss you (I don't wanna miss you) Like the other girls do I don't wanna hurt you, I just wanna be Drinking on a beach with you all over me I know what they all say, yeah But I ain't tryna play [Chorus: Taylor Swift] I wanna be your end game (End game) I wanna be your first string (Wanna be your first string) I wanna be your A-Team (A-Team) I wanna be your end game, end game [Post-Chorus: Taylor Swift & Future] Big reputation, big reputation Ooh, you and me, we got big reputations, ah And you heard about me, ooh I got some big enemies Hey, big reputation, big reputation Ooh, you and me would be a big conversation, ah And I heard about you, ooh You like the bad ones, too [Verse 3: Taylor Swift] I hit you like bang, we tried to forget it, but we just couldn't And I bury hatchets, but I keep maps of where I put 'em Reputation precedes me, they told you I'm crazy I swear I don't love the drama, it loves me And I can't let you go, your hand prints on my soul It's like your eyes are liquor, it's like your body is gold You've been calling my bluff on all my usual tricks So here's the truth from my red lips [Chorus: Taylor Swift, Future, & Ed Sheeran] I wanna be your end game (End game) I wanna be your first string (Me and you, first string) I wanna be your A-Team (Be your A-Team now, A-Team) I wanna be your end game, end game I wanna be your end game (Oh, I do) I wanna be your first string (First string) I wanna be your A-Team (A-Team) I wanna be your end game, end game "
reputation,Look What You Made Me Do,"[Verse 1] I don't like your little games Don't like your tilted stage The role you made me play Of the fool, no, I don't like you I don't like your perfect crime How you laugh when you lie You said the gun was mine Isn't cool, no, I don't like you (Oh) [Pre-Chorus] But I got smarter, I got harder in the nick of time Honey, I rose up from the dead, I do it all the time I've got a list of names and yours is in red, underlined I check it once, then I check it twice, oh! [Chorus] Ooh, look what you made me do Look what you made me do Look what you just made me do Look what you just made me— Ooh, look what you made me do Look what you made me do Look what you just made me do Look what you just made me do [Verse 2] I don't like your kingdom keys They once belonged to me You asked me for a place to sleep Locked me out and threw a feast (What?) The world moves on, another day, another drama, drama But not for me, not for me, all I think about is karma And then the world moves on, but one thing's for sure Maybe I got mine, but you'll all get yours [Pre-Chorus] But I got smarter, I got harder in the nick of time Honey, I rose up from the dead, I do it all the time I've got a list of names and yours is in red, underlined I check it once, then I check it twice, oh! [Chorus] Ooh, look what you made me do Look what you made me do Look what you just made me do Look what you just made me— Ooh, look what you made me do Look what you made me do Look what you just made me do Look what you just made me do [Bridge] I don't trust nobody and nobody trusts me I'll be the actress starring in your bad dreams I don't trust nobody and nobody trusts me I'll be the actress starring in your bad dreams I don't trust nobody and nobody trusts me I'll be the actress starring in your bad dreams I don't trust nobody and nobody trusts me I'll be the actress starring in your bad dreams (Ooh, look what you made me do Look what you made me do Look what you just made me do Look what you just made me— Ooh, look what you made me do Look what you made me do Look what you just made me—) I'm sorry, the old Taylor can't come to the phone right now Why? Oh, 'cause she's dead!"" (Oh) [Chorus] Ooh, look what you made me do Look what you made me do Look what you just made me do Look what you just made me— Ooh, look what you made me do Look what you made me do Look what you just made me do Look what you just made me do Ooh, look what you made me do Look what you made me do Look what you just made me do Look what you just made me— Ooh, look what you made me do Look what you made me do Look what you just made me do Look what you just made me do "
Speak Now (Deluxe),Back to December,"[Verse 1] I'm so glad you made time to see me How's life? Tell me, how's your family? I haven't seen them in a while You've been good, busier than ever We small talk, work and the weather Your guard is up and I know why [Pre-Chorus] Because the last time you saw me Is still burned in the back of your mind You gave me roses, and I left them there to die [Chorus] So this is me swallowing my pride Standing in front of you, saying I'm sorry for that night And I'd go back to December all the time It turns out freedom ain't nothing but missing you Wishing I'd realized what I had when you were mine [Post-Chorus] I'd go back to December, turn around and make it alright I go back to December all the time [Verse 2] These days, I haven't been sleeping Staying up, playing back myself leaving When your birthday passed and I didn't call And I think about summer, all the beautiful times I watched you laughing from the passenger side and Realized I loved you in the fall [Pre-Chorus] And then the cold came The dark days when fear crept into my mind You gave me all your love, and all I gave you was goodbye [Chorus] So this is me swallowing my pride Standing in front of you, saying I'm sorry for that night And I'd go back to December all the time It turns out freedom ain't nothing but missing you Wishing I'd realized what I had when you were mine [Post-Chorus] I'd go back to December, turn around and change my own mind I go back to December all the time [Bridge] I miss your tan skin, your sweet smile So good to me, so right And how you held me in your arms that September night The first time you ever saw me cry Maybe this is wishful thinking Probably mindless dreaming But if we loved again, I swear I'd love you right I'd go back in time and change it, but I can't So if the chain is on your door, I understand [Chorus] But this is me swallowing my pride Standing in front of you, saying I'm sorry for that night And I'd go back to December It turns out freedom ain't nothing but missing you Wishing I'd realized what I had when you were mine [Post-Chorus] I'd go back to December, turn around and make it alright I'd go back to December, turn around and change my own mind I go back to December all the time [Outro] All the time "
Speak Now (Deluxe),Mean,"[Verse 1] You, with your words like knives And swords and weapons that you use against me You have knocked me off my feet again Got me feeling like I'm nothing You, with your voice like nails on a chalkboard Calling me out when I'm wounded You, picking on the weaker man [Pre-Chorus] Well, you can take me down With just one single blow But you don't know what you don't know [Chorus] Someday, I'll be living in a big old city And all you're ever gonna be is mean Someday, I'll be big enough so you can't hit me And all you're ever gonna be is mean Why you gotta be so mean? [Verse 2] You, with your switching sides And your wildfire lies and your humiliation You have pointed out my flaws again As if I don't already see them I walk with my head down, trying to block you out 'Cause I'll never impress you I just wanna feel okay again [Pre-Chorus] I bet you got pushed around Somebody made you cold But the cycle ends right now 'Cause you can't lead me down that road And you don't know what you don't know [Chorus] Someday, I'll be living in a big old city And all you're ever gonna be is mean Someday, I'll be big enough so you can't hit me And all you're ever gonna be is mean Why you gotta be so mean? [Bridge] And I can see you years from now in a bar Talking over a football game With that same big loud opinion But nobody's listening Washed up and ranting about the same old bitter things Drunk and grumbling on about how I can't sing But all you are is mean All you are is mean And a liar, and pathetic, and alone in life And mean, and mean, and mean, and mean [Breakdown] But someday, I'll be living in a big old city And all you're ever gonna be is mean, yeah [Chorus] Someday, I'll be big enough so you can't hit me And all you're ever gonna be is mean Why you gotta be so mean? Someday, I'll be living in a big old city (Why you gotta be so mean?) And all you're ever gonna be is mean (Why you gotta be so mean?) Someday, I'll be big enough so you can't hit me (Why you gotta be so mean?) And all you're ever gonna be is mean Why you gotta be so mean? "
Speak Now (Deluxe),Mine,"[Verse 1] You were in college, working part-time, waiting tables Left a small town and never looked back I was a flight risk, with a fear of falling Wondering why we bother with love, if it never lasts [Pre-Chorus 1] I say, ""Can you believe it?"" As we're lying on the couch The moment, I could see it Yes, yes, I can see it now [Chorus] Do you remember, we were sitting there, by the water? You put your arm around me for the first time You made a rebel of a careless man's careful daughter You are the best thing that's ever been mine [Verse 2] Flash forward, and we're taking on the world together And there's a drawer of my things at your place You learn my secrets and figure out why I'm guarded You say we'll never make my parents' mistakes [Pre-Chorus 2] But we got bills to pay We got nothing figured out When it was hard to take Yes, yes This is what I thought about: [Chorus] Do you remember, we were sitting there, by the water? You put your arm around me for the first time You made a rebel of a careless man's careful daughter You are the best thing that's ever been mine Do you remember all the city lights on the water? You saw me start to believe for the first time You made a rebel of a careless man's careful daughter You are the best thing that's ever been mine [Bridge] And I remember that fight, 2:30 AM As everything was slipping right out of our hands I ran out, crying, and you followed me out into the street Braced myself for the goodbye 'Cause that's all I've ever known Then, you took me by surprise You said, ""I'll never leave you alone."" [Chorus 2] You said, ""I remember how we felt, sitting by the water And every time I look at you, it's like the first time I fell in love with a careless man's careful daughter She is the best thing that's ever been mine"" Hold on, make it last Hold on, never turn back You made a rebel of a careless man's careful daughter You are the best thing that's ever been mine [Outro] Yeah, yeah Do you believe it? (Hold on) We're gonna make it now (Hold on) And I can see it Yeah, yeah I can see it now (See it now) "
Speak Now (Deluxe),Speak Now,"[Intro] I am not the kind of girl Who should be rudely barging in On a white veil occasion But you are not the kind of boy Who should be marrying the wrong girl [Verse 1] I sneak in and see your friends And her snotty little family All dressed in pastel And she is yelling at a bridesmaid Somewhere back inside a room Wearing a gown shaped like a pastry [Pre-Chorus] This is surely not What you thought it would be I lose myself in a daydream Where I stand and say [Chorus] Don't say yes, run away now I'll meet you when you're out Of the church at the back door Don't wait or say a single vow You need to hear me out And they said ""speak now"" [Verse 2] Fond gestures are exchanged And the organ starts to play A song that sounds like a death march And I am hiding in the curtains It seems that I was uninvited By your lovely bride-to-be [Pre-Chorus] She floats down the aisle Like a pageant queen But I know you wish it was me You wish it was me (Don't you) [Chorus] Don't say yes, run away now I'll meet you when you're out Of the church at the back door Don't wait or say a single vow You need to hear me out And they said ""speak now"" [Chorus] Don't say yes, run away now I'll meet you when you're out Of the church at the back door Don't wait or say a single vow Your time is running out And they said ""speak now"" [Interlude] Ooh, la-da-da-da, oh Ooh, ooh (Say a single vow) [Bridge] I hear the preacher say Speak now or forever hold your peace There's the silence, there's my last chance I stand up with shaking hands, all eyes on me Horrified looks from everyone in the room But I'm only looking at you [Verse 3] I am not the kind of girl Who should be rudely barging in On a white veil occasion But you are not the kind of boy Who should be marrying the wrong girl (Hehe!) [Chorus] So don't say yes, run away now I'll meet you when you're out Of the church at the back door Don't wait or say a single vow You need to hear me out And they said ""speak now"" [Chorus - Variation] And you say Let's run away now I'm out of my tux at the back door Baby, I didn't say my vows So glad you were around when they said Speak now "
Speak Now (Deluxe),The Story of Us,"[Verse 1] I used to think one day, we'd tell the story of us How we met, and the sparks flew instantly And people would say, they're the lucky ones I used to know my place was a spot next to you Now I'm searching the room for an empty seat 'Cause lately, I don't even know what page you're on [Pre-Chorus 1] Oh, a simple complication Miscommunications lead to fallout So many things that I wish you knew So many walls up, I can't break through [Chorus] Now I'm standing alone in a crowded room And we're not speaking And I'm dying to know Is it killing you like it's killing me? Yeah, I don't know what to say Since the twist of fate when it all broke down And the story of us looks a lot like a tragedy now Next chapter [Verse 2] How'd we end up this way? See me nervously pulling at my clothes and trying to look busy And you're doing your best to avoid me I'm starting to think one day, I'll tell the story of us Of how I was losing my mind when I saw you here But you held your pride like you should've held me [Pre-Chorus 2] Oh, I'm scared to see the ending Why are we pretending this is nothing? I'd tell you I miss you, but I don't know how I've never heard silence quite this loud [Chorus] Now I'm standing alone in a crowded room And we're not speaking And I'm dying to know Is it killing you like it's killing me? Yeah, and I don't know what to say Since the twist of fate, when it all broke down And the story of us looks a lot like a tragedy now [Bridge] This is looking like a contest Of who can act like they care less But I liked it better when you were on my side The battle's in your hands now But I would lay my armor down If you say you'd rather love than fight So many things that you wish I knew But the story of us might be ending soon [Chorus] Now I'm standing alone in a crowded room And we're not speaking And I'm dying to know Is it killing you like it's killing me? Yeah, and I don't know what to say Since the twist of fate, when it all broke down And the story of us looks a lot like a tragedy now, now, now [Outro] And we're not speaking And I'm dying to know Is it killing you like it's killing me, yeah? I don't know what to say since the twist of fate 'Cause we're going down And the story of us looks a lot like a tragedy now The End "
Taylor Swift,Tim McGraw,"[Verse 1] He said the way my blue eyes shined Put those Georgia stars to shame that night I said, ""That's a lie"" Just a boy in a Chevy truck That had a tendency of gettin' stuck On backroads at night And I was right there beside him all summer long And then the time we woke up to find that summer gone [Chorus] But when you think Tim McGraw I hope you think my favorite song The one we danced to all night long The moon like a spotlight on the lake When you think happiness I hope you think that little black dress Think of my head on your chest And my old faded blue jeans When you think Tim McGraw I hope you think of me [Verse 2] September saw a month of tears And thankin' God that you weren't here To see me like that But in a box beneath my bed Is a letter that you never read From three summers back It's hard not to find it all a little bittersweet And lookin' back on all of that, it's nice to believe [Chorus] When you think Tim McGraw I hope you think my favorite song The one we danced to all night long The moon like a spotlight on the lake When you think happiness I hope you think that little black dress Think of my head on your chest And my old faded blue jeans When you think Tim McGraw I hope you think of me [Bridge] And I'm back for the first time since then I'm standin' on your street And there's a letter left on your doorstep And the first thing that you'll read is: When you think
I hope it takes you back to that place [Chorus] When you think happiness I hope you think that little black dress Think of my head on your chest And my old faded blue jeans When you think Tim McGraw I hope you think of me Oh, think of me Mmmm [Outro] He said the way my blue eyes shine Put those Georgia stars to shame that night I said, ""That's a lie"" "
Taylor Swift,Should've Said No,"[Verse 1] It's strange to think the songs we used to sing The smiles, the flowers, everything is gone Yesterday I found out about you Even now just looking at you: feels wrong [Pre-Chorus] You say that you'd take it all back, given one chance It was a moment of weakness and you said, ""Yes"" [Chorus] You should've said, ""No"" You should've gone home You should've thought twice 'fore you let it all go You should've known that word, 'bout what you did with her’d Get back to me (Get back to me) And I should've been there, in the back of your mind I shouldn't be asking myself, ""Why?"" You shouldn't be begging for forgiveness at my feet You should've said no, baby, and you might still have me [Verse 2] You can see that I've been crying Baby, you know all the right things to say But do you honestly expect me to believe We could ever be the same? [Pre-Chorus] You say that the past is the past, you need one chance It was a moment of weakness and you said, ""Yes"" [Chorus] You should've said, ""No"" You should've gone home You should've thought twice 'fore you let it all go You should've known that word, 'bout what you did with her’d Get back to me (Get back to me) And I should've been there, in the back of your mind I shouldn't be asking myself, ""Why?"" You shouldn't be begging for forgiveness at my feet You should've said no, baby, and you might still have me [Bridge] I can't resist Before you go tell me this Was it worth it? Was she worth this? No no, no, no [Chorus] You should've said, ""No"" You should've gone home You should've thought twice 'fore you let it all go You should've known that word, 'bout what you did with her’d Get back to me (Get back to me) And I should've been there, in the back of your mind I shouldn't be asking myself, ""Why?"" You shouldn't be begging for forgiveness at my feet You should've said no, baby, and you might still have me "
Taylor Swift,Teardrops on My Guitar (Pop Version),"[Verse 1] Drew looks at me I fake a smile so he won't see What I want and I need And everything that we should be [Pre-Chorus 1] I'll bet she's beautiful That girl he talks about And she's got everything That I have to live without [Verse 2] Drew talks to me I laugh 'cause it's just so funny But I can't even see Anyone when he's with me [Pre-Chorus 2] He says he's so in love He's finally got it right I wonder if he knows He's all I think about at night [Chorus] He's the reason for the teardrops on my guitar The only thing that keeps me wishing on a wishing star He's the song in the car I keep singing Don't know why I do [Verse 3] Drew walks by me Can he tell that I can't breathe? And there he goes, so perfectly The kind of flawless I wish I could be [Pre-Chorus 3] She better hold him tight Give him all her love Look in those beautiful eyes And know she's lucky 'cause [Chorus] He's the reason for the teardrops on my guitar The only thing that keeps me wishing on a wishing star He's the song in the car I keep singing Don't know why I do [Bridge] So I drive home alone As I turn out the light I'll put his picture down And maybe get some sleep tonight [Chorus] 'Cause he's the reason for the teardrops on my guitar The only one who's got enough of me to break my heart He's the song in the car I keep singing Don't know why I do [Outro] He's the time taken up, but there's never enough And he's all that I need to fall into Drew looks at me I fake a smile so he won't see "
Taylor Swift,Our Song,"[Verse 1] I was riding shotgun with my hair undone In the front seat of his car He's got a one-hand feel on the steering wheel The other on my heart I look around, turn the radio down He says, ""Baby, is something wrong?"" I say, ""Nothing, I was just thinking How we don't have a song"" And he says [Chorus] Our song is the slamming screen door Sneakin' out late, tapping on your window When we're on the phone and you talk real slow 'Cause it's late and your mama don't know Our song is the way you laugh The first date: ""Man, I didn't kiss her, and I should have"" And when I got home 'fore I said amen Asking God if he could play it again [Verse 2] I was walking up the front porch steps After everything that day Had gone all wrong and been trampled on And lost and thrown away Got to the hallway, well on my way To my lovin' bed I almost didn't notice all the roses And the note that said [Chorus] Our song is the slamming screen door Sneakin' out late, tapping on your window When we're on the phone and you talk real slow 'Cause it's late and your mama don't know Our song is the way you laugh The first date: ""Man, I didn't kiss her, and I should have"" And when I got home 'fore I said amen Asking God if he could play it again [Bridge] I've heard every album, listened to the radio Waited for something to come along That was as good as our song [Chorus] 'Cause our song is the slamming screen door Sneakin' out late, tapping on his window When we're on the phone and he talks real slow 'Cause it's late and his mama don't know Our song is the way he laughs The first date: ""Man, I didn't kiss him, and I should have"" And when I got home 'fore I said amen Asking God if he could play it again Play it again [Outro] I was riding shotgun with my hair undone In the front seat of his car I grabbed a pen and an old napkin And I wrote down our song "